CookerStat, GenerateAssetRegistry=0.865337, Initialize=1.389913, RunGuid=RunIDB7947A9E44CBA55EDCA983A52DF38426
DDCTransactionId5AFF7BDB4866BF99AAF9A5BABEC391B8_0, BuildTexture=, CacheKey=TEXTURE_814DCC3DC72143F49509781513CB9855_BGRA8_AFD12F264189BABA48B74EBBD4B61586_07_0000803F0000803F0000803F000000000000803F00000000000000000000803F0000000000000000020000000D000300000000000101000000040000803FFFFFFFFF00000000FF00FF00FFFF8180803B, StartTime=2017.08.27-08.19.39, Duration=53.630627, RunGuid=RunIDB7947A9E44CBA55EDCA983A52DF38426
DDCTransactionId68D35B9D4639E3BB7BF8F5BF2A5E3470_0, PutCachedData=, CacheKey=TEXTURE_814DCC3DC72143F49509781513CB9855_BGRA8_AFD12F264189BABA48B74EBBD4B6158__8500E4A879F72E18A34B828BBB62D5A51C239F31, StartTime=2017.08.27-08.19.39, HierarchicalDDC=, DataSize=1241400, Duration=8.628890, RunGuid=RunIDB7947A9E44CBA55EDCA983A52DF38426
SavePackageTransactionId71ED807C4AAE7308E20D1B9932AE973F_0, Filename=../../../../../../Users/Daniel/Documents/Unreal Projects/MyProject6/Saved/Autosaves/Temp/Untitled_1_Auto1.umap, AutoPackageBackupDelegate=0.645820, FlushAsyncLoading=0.008799, FlushStreamingFunc=0.144225, BlockTillAllRequestsFinished=0.494756, ResetLoadersForSaveUnMarkAllObjects=2.920132, TagPackageExports=0.614047, BeginCacheForCookedPlatformData=0.002932, SerializeImports=3.369421, GatherLocalizableTextData=6.392714, MarkNames=0.082131, SerializeSummary=1.041826, SerializeNames=0.582267, SerializeGatherableTextData=0.193108, BuildExportMap=0.428759, SortExportsNonSeekfree=0.873156, SortExportsSeekfreeConstructor=0.909332, SortExportsSeekfreeInner=22.287958, SortExportsSeekfree=0.011735, BuildDependencyMap=0.457600, SerializeImportMap=0.212666, SerializeExportMap=0.181865, SerializeDependencyMap=0.007335, SerializeStringAssetReferenceMap=0.008311, SaveThumbNailsAssetRegistryDataWorldLevelInfo=0.825245, SerializeExports=3.362089, SerializeBulkData=13.853647, MoveFile=2.698667, UnaccountedTime=0.714269, RunGuid=RunIDB7947A9E44CBA55EDCA983A52DF38426
SavePackageTransactionId71ED807C4AAE7308E20D1B9932AE973F_1, Filename=../../../../../../Users/Daniel/Documents/Unreal Projects/MyProject6/Saved/Autosaves/Game/SpriteTexture/bare_patch_forest_Auto1.uasset, AutoPackageBackupDelegate=0.191644, FlushAsyncLoading=0.014666, FlushStreamingFunc=0.126135, BlockTillAllRequestsFinished=0.018086, ResetLoadersForSaveUnMarkAllObjects=0.493292, TagPackageExports=0.136402, BeginCacheForCookedPlatformData=0.007823, SerializeImports=2.080221, GatherLocalizableTextData=0.089467, MarkNames=0.007823, SerializeSummary=0.016134, SerializeNames=0.034712, SerializeGatherableTextData=0.004400, BuildExportMap=0.019554, SortExportsNonSeekfree=0.008799, SortExportsSeekfreeConstructor=0.012711, SortExportsSeekfreeInner=0.188712, SortExportsSeekfree=0.003912, BuildDependencyMap=0.025913, SerializeImportMap=0.017110, SerializeExportMap=0.009287, SerializeDependencyMap=0.003424, SerializeStringAssetReferenceMap=0.004888, SaveThumbNailsAssetRegistryDataWorldLevelInfo=1.892492, SerializeExports=0.212178, SerializeBulkData=0.906888, MoveFile=1.408003, UnaccountedTime=0.161819, RunGuid=RunIDB7947A9E44CBA55EDCA983A52DF38426
SavePackageTransactionId71ED807C4AAE7308E20D1B9932AE973F_2, Filename=../../../../../../Users/Daniel/Documents/Unreal Projects/MyProject6/Saved/Autosaves/Game/SpriteTexture/bare_patch_forest_Sprite_Auto1.uasset, AutoPackageBackupDelegate=0.145201, FlushAsyncLoading=0.003908, FlushStreamingFunc=0.077248, BlockTillAllRequestsFinished=0.004888, ResetLoadersForSaveUnMarkAllObjects=0.164755, TagPackageExports=0.109997, BeginCacheForCookedPlatformData=0.007335, SerializeImports=0.686888, GatherLocalizableTextData=0.157911, MarkNames=0.009779, SerializeSummary=0.018578, SerializeNames=0.065509, SerializeGatherableTextData=0.003912, BuildExportMap=0.022978, SortExportsNonSeekfree=0.007335, SortExportsSeekfreeConstructor=0.010267, SortExportsSeekfreeInner=0.631645, SortExportsSeekfree=0.003912, BuildDependencyMap=0.010755, SerializeImportMap=0.008799, SerializeExportMap=0.007335, SerializeDependencyMap=0.003424, SerializeStringAssetReferenceMap=0.004400, SaveThumbNailsAssetRegistryDataWorldLevelInfo=3.779113, SerializeExports=0.312399, SerializeBulkData=0.007823, MoveFile=2.069954, UnaccountedTime=0.776354, RunGuid=RunIDB7947A9E44CBA55EDCA983A52DF38426
SavePackageTransactionId71ED807C4AAE7308E20D1B9932AE973F_3, Filename=../../../../../../Users/Daniel/Documents/Unreal Projects/MyProject6/Saved/Autosaves/Game/SpriteTexture/bare_patch_forest_Sprite_0_Auto1.uasset, AutoPackageBackupDelegate=0.622842, FlushAsyncLoading=0.014178, FlushStreamingFunc=0.145689, BlockTillAllRequestsFinished=0.013690, ResetLoadersForSaveUnMarkAllObjects=0.494264, TagPackageExports=0.202402, BeginCacheForCookedPlatformData=0.006843, SerializeImports=2.086580, GatherLocalizableTextData=0.164755, MarkNames=0.009779, SerializeSummary=0.016131, SerializeNames=0.054266, SerializeGatherableTextData=0.003424, BuildExportMap=0.023957, SortExportsNonSeekfree=0.007819, SortExportsSeekfreeConstructor=0.010755, SortExportsSeekfreeInner=0.616003, SortExportsSeekfree=0.004400, BuildDependencyMap=0.011243, SerializeImportMap=0.009291, SerializeExportMap=0.007331, SerializeDependencyMap=0.003912, SerializeStringAssetReferenceMap=0.004400, SaveThumbNailsAssetRegistryDataWorldLevelInfo=3.854401, SerializeExports=0.330489, SerializeBulkData=0.008799, MoveFile=1.846533, UnaccountedTime=0.640444, RunGuid=RunIDB7947A9E44CBA55EDCA983A52DF38426
SavePackageTransactionId71ED807C4AAE7308E20D1B9932AE973F_4, Filename=../../../../../../Users/Daniel/Documents/Unreal Projects/MyProject6/Saved/Autosaves/Game/SpriteTexture/bare_patch_forest_Forest_dirt_0_Auto1.uasset, AutoPackageBackupDelegate=0.146177, FlushAsyncLoading=0.004891, FlushStreamingFunc=0.075288, BlockTillAllRequestsFinished=0.004888, ResetLoadersForSaveUnMarkAllObjects=0.517733, TagPackageExports=0.219025, BeginCacheForCookedPlatformData=0.006843, SerializeImports=3.312711, GatherLocalizableTextData=0.164755, MarkNames=0.009291, SerializeSummary=0.016134, SerializeNames=0.053287, SerializeGatherableTextData=0.003424, BuildExportMap=0.023466, SortExportsNonSeekfree=0.007823, SortExportsSeekfreeConstructor=0.010267, SortExportsSeekfreeInner=0.607200, SortExportsSeekfree=0.004888, BuildDependencyMap=0.011735, SerializeImportMap=0.055734, SerializeExportMap=0.047419, SerializeDependencyMap=0.003908, SerializeStringAssetReferenceMap=0.004403, SaveThumbNailsAssetRegistryDataWorldLevelInfo=4.783288, SerializeExports=2.436135, SerializeBulkData=0.021022, MoveFile=1.553200, UnaccountedTime=0.254713, RunGuid=RunIDB7947A9E44CBA55EDCA983A52DF38426
DDCTransactionId68D35B9D4639E3BB7BF8F5BF2A5E3470_1, PutCachedData=, CacheKey=PhysX_1D9C17C451EA4FB88CB7A27536A65DB0_PhysXPC_26B911034E031619ABA5FAB853508ACD__1_1_13123_0, StartTime=2017.08.27-08.41.44, HierarchicalDDC=, DataSize=1545, Duration=5.951733, RunGuid=RunIDB7947A9E44CBA55EDCA983A52DF38426
DDCTransactionId68D35B9D4639E3BB7BF8F5BF2A5E3470_2, PutCachedData=, CacheKey=PhysX_1D9C17C451EA4FB88CB7A27536A65DB0_PhysXPC_1320B11F41BB2A7C3D0B25920E9A7E22__1_1_13123_0, StartTime=2017.08.27-08.41.47, HierarchicalDDC=, DataSize=1545, Duration=2.379421, RunGuid=RunIDB7947A9E44CBA55EDCA983A52DF38426
DDCTransactionId68D35B9D4639E3BB7BF8F5BF2A5E3470_3, PutCachedData=, CacheKey=PhysX_1D9C17C451EA4FB88CB7A27536A65DB0_PhysXPC_DB246B154E7E5F362C361BBCE63692DA__1_1_13123_0, StartTime=2017.08.27-08.41.48, HierarchicalDDC=, DataSize=1545, Duration=5.056579, RunGuid=RunIDB7947A9E44CBA55EDCA983A52DF38426
DDCTransactionId68D35B9D4639E3BB7BF8F5BF2A5E3470_4, PutCachedData=, CacheKey=PhysX_1D9C17C451EA4FB88CB7A27536A65DB0_PhysXPC_0C28C0144F12DF8FC89C598EC0227B58__1_1_13123_0, StartTime=2017.08.27-08.41.53, HierarchicalDDC=, DataSize=1545, Duration=4.413691, RunGuid=RunIDB7947A9E44CBA55EDCA983A52DF38426
DDCTransactionId68D35B9D4639E3BB7BF8F5BF2A5E3470_5, PutCachedData=, CacheKey=PhysX_1D9C17C451EA4FB88CB7A27536A65DB0_PhysXPC_51DDAF0C4831D16E6C6E1385E33727A8__1_1_13123_0, StartTime=2017.08.27-08.41.56, HierarchicalDDC=, DataSize=1545, Duration=2.449334, RunGuid=RunIDB7947A9E44CBA55EDCA983A52DF38426
DDCTransactionId68D35B9D4639E3BB7BF8F5BF2A5E3470_6, PutCachedData=, CacheKey=PhysX_1D9C17C451EA4FB88CB7A27536A65DB0_PhysXPC_9F89BA644B33A87276FAC5A7D337DE73__1_1_13123_0, StartTime=2017.08.27-08.41.58, HierarchicalDDC=, DataSize=1545, Duration=2.997868, RunGuid=RunIDB7947A9E44CBA55EDCA983A52DF38426
DDCTransactionId68D35B9D4639E3BB7BF8F5BF2A5E3470_7, PutCachedData=, CacheKey=PhysX_1D9C17C451EA4FB88CB7A27536A65DB0_PhysXPC_D2BB5B194FD68894F9DBD292BAFF71B1__1_1_13123_0, StartTime=2017.08.27-08.42.01, HierarchicalDDC=, DataSize=1545, Duration=3.278978, RunGuid=RunIDB7947A9E44CBA55EDCA983A52DF38426
DDCTransactionId68D35B9D4639E3BB7BF8F5BF2A5E3470_8, PutCachedData=, CacheKey=PhysX_1D9C17C451EA4FB88CB7A27536A65DB0_PhysXPC_76F6259641D7DDC86CAB8BA59650434A__1_1_13123_0, StartTime=2017.08.27-08.42.06, HierarchicalDDC=, DataSize=1545, Duration=2.890803, RunGuid=RunIDB7947A9E44CBA55EDCA983A52DF38426
DDCTransactionId68D35B9D4639E3BB7BF8F5BF2A5E3470_9, PutCachedData=, CacheKey=PhysX_1D9C17C451EA4FB88CB7A27536A65DB0_PhysXPC_071FC7FC45AB7190522989B31EBFD241__1_1_13123_0, StartTime=2017.08.27-08.42.08, HierarchicalDDC=, DataSize=1545, Duration=4.347201, RunGuid=RunIDB7947A9E44CBA55EDCA983A52DF38426
DDCTransactionId68D35B9D4639E3BB7BF8F5BF2A5E3470_10, PutCachedData=, CacheKey=PhysX_1D9C17C451EA4FB88CB7A27536A65DB0_PhysXPC_AB23D03D4F23C68CA221DE838E69FD0D__1_1_13123_0, StartTime=2017.08.27-08.42.12, HierarchicalDDC=, DataSize=1545, Duration=2.863422, RunGuid=RunIDB7947A9E44CBA55EDCA983A52DF38426
SavePackageTransactionId71ED807C4AAE7308E20D1B9932AE973F_5, Filename=../../../../../../Users/Daniel/Documents/Unreal Projects/MyProject6/Content/SpriteTexture/bare_patch_forest_Dirt_0.uasset, AutoPackageBackupDelegate=0.143241, FlushAsyncLoading=0.004891, FlushStreamingFunc=0.087023, BlockTillAllRequestsFinished=0.013687, ResetLoadersForSaveUnMarkAllObjects=0.231247, TagPackageExports=0.026889, BeginCacheForCookedPlatformData=0.002444, SerializeImports=0.676133, GatherLocalizableTextData=1.495510, MarkNames=0.010267, SerializeSummary=0.018090, SerializeNames=0.071377, SerializeGatherableTextData=0.003912, BuildExportMap=0.026401, SortExportsNonSeekfree=0.009779, SortExportsSeekfreeConstructor=0.013199, SortExportsSeekfreeInner=1.735069, SortExportsSeekfree=0.023954, BuildDependencyMap=0.053290, SerializeImportMap=0.009287, SerializeExportMap=0.008311, SerializeDependencyMap=0.012711, SerializeStringAssetReferenceMap=0.011247, SaveThumbNailsAssetRegistryDataWorldLevelInfo=5.279023, SerializeExports=0.434130, SerializeBulkData=0.008803, MoveFile=1.062844, UnaccountedTime=2.478179, RunGuid=RunIDB7947A9E44CBA55EDCA983A52DF38426
DDCTransactionId68D35B9D4639E3BB7BF8F5BF2A5E3470_11, PutCachedData=, CacheKey=PhysX_1D9C17C451EA4FB88CB7A27536A65DB0_PhysXPC_4B59DAC34BC61D8E6F3718956C431889__1_1_13123_0, StartTime=2017.08.27-08.42.19, HierarchicalDDC=, DataSize=1545, Duration=3.679380, RunGuid=RunIDB7947A9E44CBA55EDCA983A52DF38426
DDCTransactionId68D35B9D4639E3BB7BF8F5BF2A5E3470_12, PutCachedData=, CacheKey=PhysX_1D9C17C451EA4FB88CB7A27536A65DB0_PhysXPC_8BB827304B4BF67DDE5E5AA31234D67C__1_1_13123_0, StartTime=2017.08.27-08.42.20, HierarchicalDDC=, DataSize=1545, Duration=2.560802, RunGuid=RunIDB7947A9E44CBA55EDCA983A52DF38426
DDCTransactionId68D35B9D4639E3BB7BF8F5BF2A5E3470_13, PutCachedData=, CacheKey=PhysX_1D9C17C451EA4FB88CB7A27536A65DB0_PhysXPC_00DA0BB7449A9B4FDA93DBA926680C99__1_1_13123_0, StartTime=2017.08.27-08.42.20, HierarchicalDDC=, DataSize=1545, Duration=3.317110, RunGuid=RunIDB7947A9E44CBA55EDCA983A52DF38426
DDCTransactionId68D35B9D4639E3BB7BF8F5BF2A5E3470_14, PutCachedData=, CacheKey=PhysX_1D9C17C451EA4FB88CB7A27536A65DB0_PhysXPC_F440093D4BA502333C73A9B520D6B5A4__1_1_13123_0, StartTime=2017.08.27-08.42.20, HierarchicalDDC=, DataSize=1545, Duration=3.490668, RunGuid=RunIDB7947A9E44CBA55EDCA983A52DF38426
DDCTransactionId68D35B9D4639E3BB7BF8F5BF2A5E3470_15, PutCachedData=, CacheKey=PhysX_1D9C17C451EA4FB88CB7A27536A65DB0_PhysXPC_4FAE639F4195163AF677B5A93460A6D2__1_1_13123_0, StartTime=2017.08.27-08.42.22, HierarchicalDDC=, DataSize=1545, Duration=4.769109, RunGuid=RunIDB7947A9E44CBA55EDCA983A52DF38426
DDCTransactionId68D35B9D4639E3BB7BF8F5BF2A5E3470_16, PutCachedData=, CacheKey=PhysX_1D9C17C451EA4FB88CB7A27536A65DB0_PhysXPC_CFF8BAFF4140272FFAAB5BADB5824561__1_1_13123_0, StartTime=2017.08.27-08.42.22, HierarchicalDDC=, DataSize=1545, Duration=2.913780, RunGuid=RunIDB7947A9E44CBA55EDCA983A52DF38426
DDCTransactionId68D35B9D4639E3BB7BF8F5BF2A5E3470_17, PutCachedData=, CacheKey=PhysX_1D9C17C451EA4FB88CB7A27536A65DB0_PhysXPC_6F91560F4E498CAF8D8500AA774CE6A5__1_1_13123_0, StartTime=2017.08.27-08.42.22, HierarchicalDDC=, DataSize=1545, Duration=4.279245, RunGuid=RunIDB7947A9E44CBA55EDCA983A52DF38426
DDCTransactionId68D35B9D4639E3BB7BF8F5BF2A5E3470_18, PutCachedData=, CacheKey=PhysX_1D9C17C451EA4FB88CB7A27536A65DB0_PhysXPC_4320715542D1A6AA601FC5BF4D793623__1_1_13123_0, StartTime=2017.08.27-08.42.22, HierarchicalDDC=, DataSize=1545, Duration=5.006224, RunGuid=RunIDB7947A9E44CBA55EDCA983A52DF38426
DDCTransactionId68D35B9D4639E3BB7BF8F5BF2A5E3470_19, PutCachedData=, CacheKey=PhysX_1D9C17C451EA4FB88CB7A27536A65DB0_PhysXPC_E64993814BB2502DEA6544A750F81277__1_1_13123_0, StartTime=2017.08.27-08.42.22, HierarchicalDDC=, DataSize=1545, Duration=4.203953, RunGuid=RunIDB7947A9E44CBA55EDCA983A52DF38426
SavePackageTransactionId71ED807C4AAE7308E20D1B9932AE973F_6, Filename=../../../../../../Users/Daniel/Documents/Unreal Projects/MyProject6/Content/SpriteTexture/bare_patch_forest_Dirt_0.uasset, AutoPackageBackupDelegate=15.642490, FlushAsyncLoading=0.013199, FlushStreamingFunc=0.078712, BlockTillAllRequestsFinished=0.005867, ResetLoadersForSaveUnMarkAllObjects=0.189688, TagPackageExports=0.024933, BeginCacheForCookedPlatformData=0.001956, SerializeImports=0.784177, GatherLocalizableTextData=6.469957, MarkNames=0.023954, SerializeSummary=0.020534, SerializeNames=0.066977, SerializeGatherableTextData=0.003424, BuildExportMap=0.024933, SortExportsNonSeekfree=0.007823, SortExportsSeekfreeConstructor=0.013199, SortExportsSeekfreeInner=0.633601, SortExportsSeekfree=0.004888, BuildDependencyMap=0.012223, SerializeImportMap=0.009291, SerializeExportMap=0.008311, SerializeDependencyMap=0.003424, SerializeStringAssetReferenceMap=0.004400, SaveThumbNailsAssetRegistryDataWorldLevelInfo=3.879823, SerializeExports=0.378888, SerializeBulkData=0.008799, MoveFile=4.711911, UnaccountedTime=1.416799, RunGuid=RunIDB7947A9E44CBA55EDCA983A52DF38426
SavePackageTransactionId71ED807C4AAE7308E20D1B9932AE973F_7, Filename=../../../../../../Users/Daniel/Documents/Unreal Projects/MyProject6/Saved/Autosaves/Temp/Untitled_1_Auto2.umap, AutoPackageBackupDelegate=0.655111, FlushAsyncLoading=0.004891, FlushStreamingFunc=0.111952, BlockTillAllRequestsFinished=0.007335, ResetLoadersForSaveUnMarkAllObjects=0.208754, TagPackageExports=0.767555, BeginCacheForCookedPlatformData=0.003912, SerializeImports=1.686666, GatherLocalizableTextData=9.607647, MarkNames=0.081155, SerializeSummary=0.021510, SerializeNames=0.364713, SerializeGatherableTextData=0.015642, BuildExportMap=0.218533, SortExportsNonSeekfree=0.128090, SortExportsSeekfreeConstructor=0.076268, SortExportsSeekfreeInner=16.803600, SortExportsSeekfree=0.010755, BuildDependencyMap=0.073336, SerializeImportMap=0.043511, SerializeExportMap=0.021022, SerializeDependencyMap=0.006355, SerializeStringAssetReferenceMap=0.004400, SaveThumbNailsAssetRegistryDataWorldLevelInfo=0.596445, SerializeExports=6.807290, SerializeBulkData=9.486888, MoveFile=1.511645, UnaccountedTime=0.281602, RunGuid=RunIDB7947A9E44CBA55EDCA983A52DF38426
SavePackageTransactionId71ED807C4AAE7308E20D1B9932AE973F_8, Filename=../../../../../../Users/Daniel/Documents/Unreal Projects/MyProject6/Content/SpriteTexture/bare_patch_forest_Dirt_0.uasset, AutoPackageBackupDelegate=2.835557, FlushAsyncLoading=0.005864, FlushStreamingFunc=0.100225, BlockTillAllRequestsFinished=0.005867, ResetLoadersForSaveUnMarkAllObjects=0.169154, TagPackageExports=0.028845, BeginCacheForCookedPlatformData=0.002444, SerializeImports=0.747021, GatherLocalizableTextData=0.330489, MarkNames=0.022002, SerializeSummary=0.018090, SerializeNames=0.055242, SerializeGatherableTextData=0.003912, BuildExportMap=0.024445, SortExportsNonSeekfree=0.007819, SortExportsSeekfreeConstructor=0.014178, SortExportsSeekfreeInner=0.632133, SortExportsSeekfree=0.004891, BuildDependencyMap=0.011243, SerializeImportMap=0.008311, SerializeExportMap=0.007331, SerializeDependencyMap=0.004403, SerializeStringAssetReferenceMap=0.003908, SaveThumbNailsAssetRegistryDataWorldLevelInfo=3.805514, SerializeExports=0.329997, SerializeBulkData=0.008803, MoveFile=2.202444, UnaccountedTime=1.379158, RunGuid=RunIDB7947A9E44CBA55EDCA983A52DF38426
DDCTransactionId68D35B9D4639E3BB7BF8F5BF2A5E3470_20, PutCachedData=, CacheKey=PhysX_1D9C17C451EA4FB88CB7A27536A65DB0_PhysXPC_995DF6924C1DE741321D80AC14B33CC6__1_1_13123_0, StartTime=2017.08.27-08.47.25, HierarchicalDDC=, DataSize=779, Duration=3.862221, RunGuid=RunIDB7947A9E44CBA55EDCA983A52DF38426
DDCTransactionId68D35B9D4639E3BB7BF8F5BF2A5E3470_21, PutCachedData=, CacheKey=PhysX_1D9C17C451EA4FB88CB7A27536A65DB0_PhysXPC_839D2B0342F4A8BF802E8FBF9C90AEC0__1_1_13123_0, StartTime=2017.08.27-08.48.10, HierarchicalDDC=, DataSize=120960, Duration=4.088577, RunGuid=RunIDB7947A9E44CBA55EDCA983A52DF38426
SavePackageTransactionId71ED807C4AAE7308E20D1B9932AE973F_9, Filename=../../../../../../Users/Daniel/Documents/Unreal Projects/MyProject6/Content/SpriteTexture/bare_patch_forest_Dirt_0.uasset, AutoPackageBackupDelegate=6.607335, FlushAsyncLoading=0.018578, FlushStreamingFunc=0.105109, BlockTillAllRequestsFinished=0.006847, ResetLoadersForSaveUnMarkAllObjects=0.184309, TagPackageExports=0.156447, BeginCacheForCookedPlatformData=0.002444, SerializeImports=0.965066, GatherLocalizableTextData=6.195691, MarkNames=0.024445, SerializeSummary=0.019554, SerializeNames=0.071377, SerializeGatherableTextData=0.003424, BuildExportMap=0.028357, SortExportsNonSeekfree=0.009287, SortExportsSeekfreeConstructor=0.114888, SortExportsSeekfreeInner=0.810090, SortExportsSeekfree=0.004888, BuildDependencyMap=0.010755, SerializeImportMap=0.008799, SerializeExportMap=0.007823, SerializeDependencyMap=0.003424, SerializeStringAssetReferenceMap=0.004400, SaveThumbNailsAssetRegistryDataWorldLevelInfo=5.296625, SerializeExports=16.565022, SerializeBulkData=0.017602, MoveFile=1.291644, UnaccountedTime=1.431957, RunGuid=RunIDB7947A9E44CBA55EDCA983A52DF38426
DDCTransactionId68D35B9D4639E3BB7BF8F5BF2A5E3470_22, PutCachedData=, CacheKey=PhysX_1D9C17C451EA4FB88CB7A27536A65DB0_PhysXPC_F2E224E3449AF53C7CD1F3AC051F1DAA__1_1_13123_0, StartTime=2017.08.27-08.53.45, HierarchicalDDC=, DataSize=120960, Duration=5.694576, RunGuid=RunIDB7947A9E44CBA55EDCA983A52DF38426
DDCTransactionId68D35B9D4639E3BB7BF8F5BF2A5E3470_23, PutCachedData=, CacheKey=PhysX_1D9C17C451EA4FB88CB7A27536A65DB0_PhysXPC_89CE68E84A9180793208B2935F5ADD84__1_1_13123_0, StartTime=2017.08.27-08.53.48, HierarchicalDDC=, DataSize=120960, Duration=2.347157, RunGuid=RunIDB7947A9E44CBA55EDCA983A52DF38426
DDCTransactionId68D35B9D4639E3BB7BF8F5BF2A5E3470_24, PutCachedData=, CacheKey=PhysX_1D9C17C451EA4FB88CB7A27536A65DB0_PhysXPC_817FD9F74943F4E157716D91355C8C2D__1_1_13123_0, StartTime=2017.08.27-08.53.56, HierarchicalDDC=, DataSize=120960, Duration=3.379200, RunGuid=RunIDB7947A9E44CBA55EDCA983A52DF38426
DDCTransactionId68D35B9D4639E3BB7BF8F5BF2A5E3470_25, PutCachedData=, CacheKey=PhysX_1D9C17C451EA4FB88CB7A27536A65DB0_PhysXPC_44448FD145E6449EAE1B5493112CD1DD__1_1_13123_0, StartTime=2017.08.27-08.54.02, HierarchicalDDC=, DataSize=120960, Duration=2.486981, RunGuid=RunIDB7947A9E44CBA55EDCA983A52DF38426
DDCTransactionId68D35B9D4639E3BB7BF8F5BF2A5E3470_26, PutCachedData=, CacheKey=PhysX_1D9C17C451EA4FB88CB7A27536A65DB0_PhysXPC_74BAFA4441CD4E6DC845C6909AF99867__1_1_13123_0, StartTime=2017.08.27-08.54.06, HierarchicalDDC=, DataSize=120960, Duration=2.687912, RunGuid=RunIDB7947A9E44CBA55EDCA983A52DF38426
DDCTransactionId68D35B9D4639E3BB7BF8F5BF2A5E3470_27, PutCachedData=, CacheKey=PhysX_1D9C17C451EA4FB88CB7A27536A65DB0_PhysXPC_1A941C5A4E4BA529ECA34F8459D0084D__1_1_13123_0, StartTime=2017.08.27-08.54.14, HierarchicalDDC=, DataSize=120960, Duration=3.630489, RunGuid=RunIDB7947A9E44CBA55EDCA983A52DF38426
DDCTransactionId68D35B9D4639E3BB7BF8F5BF2A5E3470_28, PutCachedData=, CacheKey=PhysX_1D9C17C451EA4FB88CB7A27536A65DB0_PhysXPC_22C0B33742A7D7A1219938B46B39DBEB__1_1_13123_0, StartTime=2017.08.27-08.54.17, HierarchicalDDC=, DataSize=120960, Duration=2.463512, RunGuid=RunIDB7947A9E44CBA55EDCA983A52DF38426
DDCTransactionId68D35B9D4639E3BB7BF8F5BF2A5E3470_29, PutCachedData=, CacheKey=PhysX_1D9C17C451EA4FB88CB7A27536A65DB0_PhysXPC_B42BC2D44142B0F43851EBA0AEAF9E74__1_1_13123_0, StartTime=2017.08.27-08.54.21, HierarchicalDDC=, DataSize=120960, Duration=3.548846, RunGuid=RunIDB7947A9E44CBA55EDCA983A52DF38426
DDCTransactionId68D35B9D4639E3BB7BF8F5BF2A5E3470_30, PutCachedData=, CacheKey=PhysX_1D9C17C451EA4FB88CB7A27536A65DB0_PhysXPC_D96AFA8C46BC80AB1B3D35A282F701C3__1_1_13123_0, StartTime=2017.08.27-08.54.24, HierarchicalDDC=, DataSize=120960, Duration=1.879290, RunGuid=RunIDB7947A9E44CBA55EDCA983A52DF38426
DDCTransactionId68D35B9D4639E3BB7BF8F5BF2A5E3470_31, PutCachedData=, CacheKey=PhysX_1D9C17C451EA4FB88CB7A27536A65DB0_PhysXPC_72EBE812475E9E3034176B85202AEA20__1_1_13123_0, StartTime=2017.08.27-08.54.27, HierarchicalDDC=, DataSize=120960, Duration=4.685513, RunGuid=RunIDB7947A9E44CBA55EDCA983A52DF38426
DDCTransactionId68D35B9D4639E3BB7BF8F5BF2A5E3470_32, PutCachedData=, CacheKey=PhysX_1D9C17C451EA4FB88CB7A27536A65DB0_PhysXPC_1E4AE63B4F53E2CCC54E509B68F8C44C__1_1_13123_0, StartTime=2017.08.27-08.54.31, HierarchicalDDC=, DataSize=120960, Duration=2.706491, RunGuid=RunIDB7947A9E44CBA55EDCA983A52DF38426
DDCTransactionId68D35B9D4639E3BB7BF8F5BF2A5E3470_33, PutCachedData=, CacheKey=PhysX_1D9C17C451EA4FB88CB7A27536A65DB0_PhysXPC_26DE554846930AE148AC1C8850243D65__1_1_13123_0, StartTime=2017.08.27-08.54.33, HierarchicalDDC=, DataSize=120960, Duration=4.464045, RunGuid=RunIDB7947A9E44CBA55EDCA983A52DF38426
DDCTransactionId68D35B9D4639E3BB7BF8F5BF2A5E3470_34, PutCachedData=, CacheKey=PhysX_1D9C17C451EA4FB88CB7A27536A65DB0_PhysXPC_7587BAAA4949FA0AB99B77BA45D22706__1_1_13123_0, StartTime=2017.08.27-08.54.36, HierarchicalDDC=, DataSize=120960, Duration=2.762224, RunGuid=RunIDB7947A9E44CBA55EDCA983A52DF38426
DDCTransactionId68D35B9D4639E3BB7BF8F5BF2A5E3470_35, PutCachedData=, CacheKey=PhysX_1D9C17C451EA4FB88CB7A27536A65DB0_PhysXPC_224A0CC3414B00C9F00044B5B59D2C8C__1_1_13123_0, StartTime=2017.08.27-08.54.39, HierarchicalDDC=, DataSize=120960, Duration=2.432711, RunGuid=RunIDB7947A9E44CBA55EDCA983A52DF38426
DDCTransactionId68D35B9D4639E3BB7BF8F5BF2A5E3470_36, PutCachedData=, CacheKey=PhysX_1D9C17C451EA4FB88CB7A27536A65DB0_PhysXPC_CB24298346480515572153BA154F68D3__1_1_13123_0, StartTime=2017.08.27-08.54.43, HierarchicalDDC=, DataSize=120960, Duration=3.070224, RunGuid=RunIDB7947A9E44CBA55EDCA983A52DF38426
DDCTransactionId68D35B9D4639E3BB7BF8F5BF2A5E3470_37, PutCachedData=, CacheKey=PhysX_1D9C17C451EA4FB88CB7A27536A65DB0_PhysXPC_97C8E54142A43165B16AB5B35B49462B__1_1_13123_0, StartTime=2017.08.27-08.54.45, HierarchicalDDC=, DataSize=120960, Duration=2.609201, RunGuid=RunIDB7947A9E44CBA55EDCA983A52DF38426
DDCTransactionId68D35B9D4639E3BB7BF8F5BF2A5E3470_38, PutCachedData=, CacheKey=PhysX_1D9C17C451EA4FB88CB7A27536A65DB0_PhysXPC_C478E0314EC485E4F7479B832E29B239__1_1_13123_0, StartTime=2017.08.27-08.54.51, HierarchicalDDC=, DataSize=120960, Duration=4.490446, RunGuid=RunIDB7947A9E44CBA55EDCA983A52DF38426
DDCTransactionId68D35B9D4639E3BB7BF8F5BF2A5E3470_39, PutCachedData=, CacheKey=PhysX_1D9C17C451EA4FB88CB7A27536A65DB0_PhysXPC_4D780E604353CB952CFABF9D68D29FDE__1_1_13123_0, StartTime=2017.08.27-08.54.53, HierarchicalDDC=, DataSize=120960, Duration=3.141601, RunGuid=RunIDB7947A9E44CBA55EDCA983A52DF38426
DDCTransactionId68D35B9D4639E3BB7BF8F5BF2A5E3470_40, PutCachedData=, CacheKey=PhysX_1D9C17C451EA4FB88CB7A27536A65DB0_PhysXPC_8EC1EAF8420884735CD04EB558393E6C__1_1_13123_0, StartTime=2017.08.27-08.54.56, HierarchicalDDC=, DataSize=120960, Duration=5.168535, RunGuid=RunIDB7947A9E44CBA55EDCA983A52DF38426
DDCTransactionId68D35B9D4639E3BB7BF8F5BF2A5E3470_41, PutCachedData=, CacheKey=PhysX_1D9C17C451EA4FB88CB7A27536A65DB0_PhysXPC_7201291843E81FD9050917BB2322F670__1_1_13123_0, StartTime=2017.08.27-08.54.59, HierarchicalDDC=, DataSize=120960, Duration=2.444934, RunGuid=RunIDB7947A9E44CBA55EDCA983A52DF38426
DDCTransactionId68D35B9D4639E3BB7BF8F5BF2A5E3470_42, PutCachedData=, CacheKey=PhysX_1D9C17C451EA4FB88CB7A27536A65DB0_PhysXPC_0507D88D493FE4F1CB6CA8813EAA0272__1_1_13123_0, StartTime=2017.08.27-08.55.05, HierarchicalDDC=, DataSize=120960, Duration=2.727509, RunGuid=RunIDB7947A9E44CBA55EDCA983A52DF38426
DDCTransactionId68D35B9D4639E3BB7BF8F5BF2A5E3470_43, PutCachedData=, CacheKey=PhysX_1D9C17C451EA4FB88CB7A27536A65DB0_PhysXPC_84CF4CCD4D479764B8768893B302C298__1_1_13123_0, StartTime=2017.08.27-08.55.10, HierarchicalDDC=, DataSize=120960, Duration=2.651244, RunGuid=RunIDB7947A9E44CBA55EDCA983A52DF38426
DDCTransactionId68D35B9D4639E3BB7BF8F5BF2A5E3470_44, PutCachedData=, CacheKey=PhysX_1D9C17C451EA4FB88CB7A27536A65DB0_PhysXPC_668A534A4CECCE7A4FAEDFB1AE8AD334__1_1_13123_0, StartTime=2017.08.27-08.55.17, HierarchicalDDC=, DataSize=120960, Duration=4.019644, RunGuid=RunIDB7947A9E44CBA55EDCA983A52DF38426
DDCTransactionId68D35B9D4639E3BB7BF8F5BF2A5E3470_45, PutCachedData=, CacheKey=PhysX_1D9C17C451EA4FB88CB7A27536A65DB0_PhysXPC_92A31F8A472B93D5697E00BBA5D3CE74__1_1_13123_0, StartTime=2017.08.27-08.55.23, HierarchicalDDC=, DataSize=120960, Duration=5.393423, RunGuid=RunIDB7947A9E44CBA55EDCA983A52DF38426
DDCTransactionId68D35B9D4639E3BB7BF8F5BF2A5E3470_46, PutCachedData=, CacheKey=PhysX_1D9C17C451EA4FB88CB7A27536A65DB0_PhysXPC_01FC4BED4A52ED60DD2570B47DE2E11C__1_1_13123_0, StartTime=2017.08.27-08.55.25, HierarchicalDDC=, DataSize=120960, Duration=2.708446, RunGuid=RunIDB7947A9E44CBA55EDCA983A52DF38426
DDCTransactionId68D35B9D4639E3BB7BF8F5BF2A5E3470_47, PutCachedData=, CacheKey=PhysX_1D9C17C451EA4FB88CB7A27536A65DB0_PhysXPC_49A9ABF74866E8F74EB47DA0BC4DCD8A__1_1_13123_0, StartTime=2017.08.27-08.55.27, HierarchicalDDC=, DataSize=120960, Duration=5.137734, RunGuid=RunIDB7947A9E44CBA55EDCA983A52DF38426
DDCTransactionId68D35B9D4639E3BB7BF8F5BF2A5E3470_48, PutCachedData=, CacheKey=PhysX_1D9C17C451EA4FB88CB7A27536A65DB0_PhysXPC_5054B4F9479F7D2636A48484AE315FFC__1_1_13123_0, StartTime=2017.08.27-08.55.29, HierarchicalDDC=, DataSize=120960, Duration=4.637111, RunGuid=RunIDB7947A9E44CBA55EDCA983A52DF38426
DDCTransactionId68D35B9D4639E3BB7BF8F5BF2A5E3470_49, PutCachedData=, CacheKey=PhysX_1D9C17C451EA4FB88CB7A27536A65DB0_PhysXPC_5151F16A428EE1C6BDE901BD89E4A3E6__1_1_13123_0, StartTime=2017.08.27-08.55.32, HierarchicalDDC=, DataSize=120960, Duration=2.869289, RunGuid=RunIDB7947A9E44CBA55EDCA983A52DF38426
DDCTransactionId68D35B9D4639E3BB7BF8F5BF2A5E3470_50, PutCachedData=, CacheKey=PhysX_1D9C17C451EA4FB88CB7A27536A65DB0_PhysXPC_22A75DED40B4C3C648971397DFD8FB6F__1_1_13123_0, StartTime=2017.08.27-08.55.46, HierarchicalDDC=, DataSize=120960, Duration=2.692312, RunGuid=RunIDB7947A9E44CBA55EDCA983A52DF38426
DDCTransactionId68D35B9D4639E3BB7BF8F5BF2A5E3470_51, PutCachedData=, CacheKey=PhysX_1D9C17C451EA4FB88CB7A27536A65DB0_PhysXPC_8E8FFD1641CAD876ABEC4FB2DB99A3C9__1_1_13123_0, StartTime=2017.08.27-08.55.50, HierarchicalDDC=, DataSize=120960, Duration=3.295112, RunGuid=RunIDB7947A9E44CBA55EDCA983A52DF38426
DDCTransactionId68D35B9D4639E3BB7BF8F5BF2A5E3470_52, PutCachedData=, CacheKey=PhysX_1D9C17C451EA4FB88CB7A27536A65DB0_PhysXPC_130330AE49026A84E4AB258460C014F6__1_1_13123_0, StartTime=2017.08.27-08.55.56, HierarchicalDDC=, DataSize=120960, Duration=2.763201, RunGuid=RunIDB7947A9E44CBA55EDCA983A52DF38426
DDCTransactionId68D35B9D4639E3BB7BF8F5BF2A5E3470_53, PutCachedData=, CacheKey=PhysX_1D9C17C451EA4FB88CB7A27536A65DB0_PhysXPC_4A15DE0E48B59021336540B11F2F5A96__1_1_13123_0, StartTime=2017.08.27-08.55.59, HierarchicalDDC=, DataSize=121726, Duration=6.251425, RunGuid=RunIDB7947A9E44CBA55EDCA983A52DF38426
DDCTransactionId68D35B9D4639E3BB7BF8F5BF2A5E3470_54, PutCachedData=, CacheKey=PhysX_1D9C17C451EA4FB88CB7A27536A65DB0_PhysXPC_BA61344E4CE3A4981E4BE6927074D2D0__1_1_13123_0, StartTime=2017.08.27-08.56.09, HierarchicalDDC=, DataSize=121726, Duration=4.283156, RunGuid=RunIDB7947A9E44CBA55EDCA983A52DF38426
DDCTransactionId68D35B9D4639E3BB7BF8F5BF2A5E3470_55, PutCachedData=, CacheKey=PhysX_1D9C17C451EA4FB88CB7A27536A65DB0_PhysXPC_AD8FAB674FDB3F82C44B5B9983A8B56B__1_1_13123_0, StartTime=2017.08.27-08.56.14, HierarchicalDDC=, DataSize=121726, Duration=2.761736, RunGuid=RunIDB7947A9E44CBA55EDCA983A52DF38426
DDCTransactionId68D35B9D4639E3BB7BF8F5BF2A5E3470_56, PutCachedData=, CacheKey=PhysX_1D9C17C451EA4FB88CB7A27536A65DB0_PhysXPC_B021EE7A48A987789E4545A005AFD655__1_1_13123_0, StartTime=2017.08.27-08.56.18, HierarchicalDDC=, DataSize=121726, Duration=3.053110, RunGuid=RunIDB7947A9E44CBA55EDCA983A52DF38426
DDCTransactionId68D35B9D4639E3BB7BF8F5BF2A5E3470_57, PutCachedData=, CacheKey=PhysX_1D9C17C451EA4FB88CB7A27536A65DB0_PhysXPC_786D4EC843A5C520AB2A0BBEA51119A4__1_1_13123_0, StartTime=2017.08.27-08.56.21, HierarchicalDDC=, DataSize=121726, Duration=2.667867, RunGuid=RunIDB7947A9E44CBA55EDCA983A52DF38426
DDCTransactionId68D35B9D4639E3BB7BF8F5BF2A5E3470_58, PutCachedData=, CacheKey=PhysX_1D9C17C451EA4FB88CB7A27536A65DB0_PhysXPC_4B0635AF492142CA895708A4B2631163__1_1_13123_0, StartTime=2017.08.27-08.56.23, HierarchicalDDC=, DataSize=121726, Duration=2.728488, RunGuid=RunIDB7947A9E44CBA55EDCA983A52DF38426
DDCTransactionId68D35B9D4639E3BB7BF8F5BF2A5E3470_59, PutCachedData=, CacheKey=PhysX_1D9C17C451EA4FB88CB7A27536A65DB0_PhysXPC_D18336614A37F6DAAD6652AFB379723A__1_1_13123_0, StartTime=2017.08.27-08.56.26, HierarchicalDDC=, DataSize=121726, Duration=4.385825, RunGuid=RunIDB7947A9E44CBA55EDCA983A52DF38426
SavePackageTransactionId71ED807C4AAE7308E20D1B9932AE973F_10, Filename=../../../../../../Users/Daniel/Documents/Unreal Projects/MyProject6/Content/SpriteTexture/bare_patch_forest_Dirt_0.uasset, AutoPackageBackupDelegate=11.197515, FlushAsyncLoading=0.010755, FlushStreamingFunc=0.083599, BlockTillAllRequestsFinished=0.014178, ResetLoadersForSaveUnMarkAllObjects=0.239555, TagPackageExports=0.246402, BeginCacheForCookedPlatformData=0.001952, SerializeImports=1.105379, GatherLocalizableTextData=289.554260, MarkNames=1.499422, SerializeSummary=0.022490, SerializeNames=0.065509, SerializeGatherableTextData=0.003424, BuildExportMap=0.026397, SortExportsNonSeekfree=0.008311, SortExportsSeekfreeConstructor=0.081155, SortExportsSeekfreeInner=1.113690, SortExportsSeekfree=0.005867, BuildDependencyMap=0.014178, SerializeImportMap=0.009287, SerializeExportMap=0.007335, SerializeDependencyMap=0.003420, SerializeStringAssetReferenceMap=0.004403, SaveThumbNailsAssetRegistryDataWorldLevelInfo=4.149686, SerializeExports=13.820402, SerializeBulkData=0.015158, MoveFile=1.349330, UnaccountedTime=1.353245, RunGuid=RunIDB7947A9E44CBA55EDCA983A52DF38426
DDCTransactionId68D35B9D4639E3BB7BF8F5BF2A5E3470_60, PutCachedData=, CacheKey=PhysX_1D9C17C451EA4FB88CB7A27536A65DB0_PhysXPC_4665FB604849581DE519ED8DDB98895E__1_1_13123_0, StartTime=2017.08.27-08.57.47, HierarchicalDDC=, DataSize=121726, Duration=2.561290, RunGuid=RunIDB7947A9E44CBA55EDCA983A52DF38426
DDCTransactionId68D35B9D4639E3BB7BF8F5BF2A5E3470_61, PutCachedData=, CacheKey=PhysX_1D9C17C451EA4FB88CB7A27536A65DB0_PhysXPC_46877C70454FA28E852DFFBAF528CF1D__1_1_13123_0, StartTime=2017.08.27-08.57.52, HierarchicalDDC=, DataSize=121726, Duration=2.894223, RunGuid=RunIDB7947A9E44CBA55EDCA983A52DF38426
DDCTransactionId68D35B9D4639E3BB7BF8F5BF2A5E3470_62, PutCachedData=, CacheKey=PhysX_1D9C17C451EA4FB88CB7A27536A65DB0_PhysXPC_3A33117B4228991EE4557C8C52AFE452__1_1_13123_0, StartTime=2017.08.27-08.58.46, HierarchicalDDC=, DataSize=121809, Duration=2.442978, RunGuid=RunIDB7947A9E44CBA55EDCA983A52DF38426
DDCTransactionId68D35B9D4639E3BB7BF8F5BF2A5E3470_63, PutCachedData=, CacheKey=PhysX_1D9C17C451EA4FB88CB7A27536A65DB0_PhysXPC_B44B2C664BAC3FD93DDAE282C0A3983C__1_1_13123_0, StartTime=2017.08.27-08.58.52, HierarchicalDDC=, DataSize=121809, Duration=5.754713, RunGuid=RunIDB7947A9E44CBA55EDCA983A52DF38426
DDCTransactionId68D35B9D4639E3BB7BF8F5BF2A5E3470_64, PutCachedData=, CacheKey=PhysX_1D9C17C451EA4FB88CB7A27536A65DB0_PhysXPC_3ACE31B94CFAA2444B11C291F8667358__1_1_13123_0, StartTime=2017.08.27-08.58.57, HierarchicalDDC=, DataSize=122575, Duration=2.675690, RunGuid=RunIDB7947A9E44CBA55EDCA983A52DF38426
DDCTransactionId68D35B9D4639E3BB7BF8F5BF2A5E3470_65, PutCachedData=, CacheKey=PhysX_1D9C17C451EA4FB88CB7A27536A65DB0_PhysXPC_68E83E1749D2C145A6F8C384C326CC33__1_1_13123_0, StartTime=2017.08.27-08.59.00, HierarchicalDDC=, DataSize=122575, Duration=3.741957, RunGuid=RunIDB7947A9E44CBA55EDCA983A52DF38426
DDCTransactionId68D35B9D4639E3BB7BF8F5BF2A5E3470_66, PutCachedData=, CacheKey=PhysX_1D9C17C451EA4FB88CB7A27536A65DB0_PhysXPC_F073A15844F57690874788896DE6B294__1_1_13123_0, StartTime=2017.08.27-08.59.01, HierarchicalDDC=, DataSize=122575, Duration=2.504580, RunGuid=RunIDB7947A9E44CBA55EDCA983A52DF38426
DDCTransactionId68D35B9D4639E3BB7BF8F5BF2A5E3470_67, PutCachedData=, CacheKey=PhysX_1D9C17C451EA4FB88CB7A27536A65DB0_PhysXPC_E5AFA76F41CD230AD931F79EC69EA77B__1_1_13123_0, StartTime=2017.08.27-08.59.04, HierarchicalDDC=, DataSize=122575, Duration=3.536135, RunGuid=RunIDB7947A9E44CBA55EDCA983A52DF38426
SavePackageTransactionId71ED807C4AAE7308E20D1B9932AE973F_11, Filename=../../../../../../Users/Daniel/Documents/Unreal Projects/MyProject6/Content/SpriteTexture/bare_patch_forest_Dirt_0.uasset, AutoPackageBackupDelegate=3.970269, FlushAsyncLoading=0.007331, FlushStreamingFunc=0.105601, BlockTillAllRequestsFinished=0.005867, ResetLoadersForSaveUnMarkAllObjects=0.192132, TagPackageExports=0.162799, BeginCacheForCookedPlatformData=0.002444, SerializeImports=2.752446, GatherLocalizableTextData=323.291992, MarkNames=1.550756, SerializeSummary=0.027377, SerializeNames=0.082135, SerializeGatherableTextData=0.003912, BuildExportMap=0.032265, SortExportsNonSeekfree=0.008803, SortExportsSeekfreeConstructor=0.098266, SortExportsSeekfreeInner=1.039378, SortExportsSeekfree=0.008311, BuildDependencyMap=0.016131, SerializeImportMap=0.009291, SerializeExportMap=0.007331, SerializeDependencyMap=0.003908, SerializeStringAssetReferenceMap=0.004403, SaveThumbNailsAssetRegistryDataWorldLevelInfo=4.460134, SerializeExports=8.356087, SerializeBulkData=0.011735, MoveFile=2.137911, UnaccountedTime=2.930891, RunGuid=RunIDB7947A9E44CBA55EDCA983A52DF38426
SavePackageTransactionId71ED807C4AAE7308E20D1B9932AE973F_12, Filename=../../../../../../Users/Daniel/Documents/Unreal Projects/MyProject6/Content/PaperGame.umap, AutoPackageBackupDelegate=11.126135, FlushAsyncLoading=0.024933, FlushStreamingFunc=0.111468, BlockTillAllRequestsFinished=0.005867, ResetLoadersForSaveUnMarkAllObjects=0.794444, TagPackageExports=2.182402, BeginCacheForCookedPlatformData=0.007819, SerializeImports=7.673115, GatherLocalizableTextData=6.718800, MarkNames=0.055734, SerializeSummary=0.020534, SerializeNames=0.418488, SerializeGatherableTextData=0.094846, BuildExportMap=0.208754, SortExportsNonSeekfree=0.106577, SortExportsSeekfreeConstructor=0.073824, SortExportsSeekfreeInner=16.042889, SortExportsSeekfree=0.008311, BuildDependencyMap=0.060134, SerializeImportMap=0.044979, SerializeExportMap=0.020534, SerializeDependencyMap=0.006355, SerializeStringAssetReferenceMap=0.004400, SaveThumbNailsAssetRegistryDataWorldLevelInfo=1.161110, SerializeExports=5.895022, SerializeBulkData=8.915868, MoveFile=2.277244, UnaccountedTime=2.784710, RunGuid=RunIDB7947A9E44CBA55EDCA983A52DF38426
SavePackageTransactionId71ED807C4AAE7308E20D1B9932AE973F_13, Filename=../../../../../../Users/Daniel/Documents/Unreal Projects/MyProject6/Content/SpriteTexture/ForestDirt.uasset, AutoPackageBackupDelegate=0.187244, FlushAsyncLoading=0.004888, FlushStreamingFunc=0.094358, BlockTillAllRequestsFinished=0.017598, ResetLoadersForSaveUnMarkAllObjects=0.493292, TagPackageExports=2.715290, BeginCacheForCookedPlatformData=0.006847, SerializeImports=1.416799, GatherLocalizableTextData=287.644165, MarkNames=0.782222, SerializeSummary=0.031289, SerializeNames=0.080667, SerializeGatherableTextData=0.004888, BuildExportMap=0.033733, SortExportsNonSeekfree=0.009291, SortExportsSeekfreeConstructor=0.013199, SortExportsSeekfreeInner=1.047689, SortExportsSeekfree=0.011247, BuildDependencyMap=0.016622, SerializeImportMap=0.009287, SerializeExportMap=0.008311, SerializeDependencyMap=0.003424, SerializeStringAssetReferenceMap=0.004400, SaveThumbNailsAssetRegistryDataWorldLevelInfo=4.491910, SerializeExports=11.930358, SerializeBulkData=0.009779, MoveFile=1.217824, UnaccountedTime=4.928000, RunGuid=RunIDB7947A9E44CBA55EDCA983A52DF38426
SavePackageTransactionId71ED807C4AAE7308E20D1B9932AE973F_14, Filename=../../../../../../Users/Daniel/Documents/Unreal Projects/MyProject6/Content/SpriteTexture/bare_patch_forest_Dirt_0.uasset, AutoPackageBackupDelegate=5.123064, FlushAsyncLoading=0.011735, FlushStreamingFunc=0.121735, BlockTillAllRequestsFinished=0.012711, ResetLoadersForSaveUnMarkAllObjects=0.307020, TagPackageExports=0.011731, BeginCacheForCookedPlatformData=0.002444, SerializeImports=0.831600, GatherLocalizableTextData=0.044979, MarkNames=0.037156, SerializeSummary=0.051335, SerializeNames=0.087019, SerializeGatherableTextData=0.011735, BuildExportMap=0.091422, SortExportsNonSeekfree=0.029333, SortExportsSeekfreeConstructor=0.081155, SortExportsSeekfreeInner=0.396978, SortExportsSeekfree=0.010267, BuildDependencyMap=0.017110, SerializeImportMap=0.155956, SerializeExportMap=0.040092, SerializeDependencyMap=0.004400, SerializeStringAssetReferenceMap=0.004888, SaveThumbNailsAssetRegistryDataWorldLevelInfo=0.048403, SerializeExports=0.016134, SerializeBulkData=0.007819, MoveFile=2.377953, UnaccountedTime=1.530711, RunGuid=RunIDB7947A9E44CBA55EDCA983A52DF38426
SavePackageTransactionId71ED807C4AAE7308E20D1B9932AE973F_15, Filename=../../../../../../Users/Daniel/Documents/Unreal Projects/MyProject6/Saved/Autosaves/Game/SpriteTexture/PaperCharacter_Auto3.uasset, AutoPackageBackupDelegate=6.028488, FlushAsyncLoading=0.014666, FlushStreamingFunc=0.069425, BlockTillAllRequestsFinished=0.006843, ResetLoadersForSaveUnMarkAllObjects=0.321690, TagPackageExports=14.445692, BeginCacheForCookedPlatformData=0.008311, SerializeImports=18.748890, GatherLocalizableTextData=14.019382, MarkNames=0.110976, SerializeSummary=0.031289, SerializeNames=0.413112, SerializeGatherableTextData=0.106577, BuildExportMap=2.287999, SortExportsNonSeekfree=4.948534, SortExportsSeekfreeConstructor=0.136890, SortExportsSeekfreeInner=38.934139, SortExportsSeekfree=0.010267, BuildDependencyMap=0.148624, SerializeImportMap=0.023466, SerializeExportMap=0.058178, SerializeDependencyMap=0.016134, SerializeStringAssetReferenceMap=0.005376, SaveThumbNailsAssetRegistryDataWorldLevelInfo=3.706757, SerializeExports=31.813961, SerializeBulkData=0.018578, MoveFile=2.446890, UnaccountedTime=0.343688, RunGuid=RunIDB7947A9E44CBA55EDCA983A52DF38426
SavePackageTransactionId71ED807C4AAE7308E20D1B9932AE973F_16, Filename=../../../../../../Users/Daniel/Documents/Unreal Projects/MyProject6/Content/SpriteTexture/bare_patch_forest.uasset, AutoPackageBackupDelegate=0.132002, FlushAsyncLoading=0.005867, FlushStreamingFunc=0.084087, BlockTillAllRequestsFinished=0.012711, ResetLoadersForSaveUnMarkAllObjects=0.293333, TagPackageExports=0.067465, BeginCacheForCookedPlatformData=0.003424, SerializeImports=0.686400, GatherLocalizableTextData=0.065509, MarkNames=0.006355, SerializeSummary=0.016134, SerializeNames=0.029333, SerializeGatherableTextData=0.003424, BuildExportMap=0.015646, SortExportsNonSeekfree=0.007331, SortExportsSeekfreeConstructor=0.070401, SortExportsSeekfreeInner=0.141289, SortExportsSeekfree=0.003912, BuildDependencyMap=0.009775, SerializeImportMap=0.008803, SerializeExportMap=0.007331, SerializeDependencyMap=0.003420, SerializeStringAssetReferenceMap=0.005379, SaveThumbNailsAssetRegistryDataWorldLevelInfo=1.041334, SerializeExports=0.156444, SerializeBulkData=0.086531, MoveFile=1.086313, UnaccountedTime=1.434401, RunGuid=RunIDB7947A9E44CBA55EDCA983A52DF38426
SavePackageTransactionId71ED807C4AAE7308E20D1B9932AE973F_17, Filename=../../../../../../Users/Daniel/Documents/Unreal Projects/MyProject6/Content/SpriteTexture/PaperCharacter.uasset, AutoPackageBackupDelegate=5.536180, FlushAsyncLoading=0.004888, FlushStreamingFunc=0.094846, BlockTillAllRequestsFinished=0.005379, ResetLoadersForSaveUnMarkAllObjects=0.234663, TagPackageExports=10.982402, BeginCacheForCookedPlatformData=0.008311, SerializeImports=24.089516, GatherLocalizableTextData=10.189913, MarkNames=0.157908, SerializeSummary=0.031780, SerializeNames=0.395998, SerializeGatherableTextData=0.112936, BuildExportMap=0.524577, SortExportsNonSeekfree=1.595732, SortExportsSeekfreeConstructor=0.014666, SortExportsSeekfreeInner=49.645206, SortExportsSeekfree=0.011735, BuildDependencyMap=0.122711, SerializeImportMap=0.022978, SerializeExportMap=0.062089, SerializeDependencyMap=0.012223, SerializeStringAssetReferenceMap=0.004400, SaveThumbNailsAssetRegistryDataWorldLevelInfo=1.452979, SerializeExports=33.651203, SerializeBulkData=0.017598, MoveFile=6.374624, UnaccountedTime=1.624089, RunGuid=RunIDB7947A9E44CBA55EDCA983A52DF38426
